dateRep,day,month,year,cases,deaths,countriesAndTerritories,geoId,countryterritoryCode,popData2019,continentExp,cum_num_14_per_100000
2020-12-14,14,12,2020,7451,247,Iran,IR,IRN,82913893.0,Asia,192.39236541
2020-12-13,13,12,2020,8201,221,Iran,IR,IRN,82913893.0,Asia,199.02454707
2020-12-12,12,12,2020,9594,232,Iran,IR,IRN,82913893.0,Asia,205.29731971
2020-12-11,11,12,2020,10403,284,Iran,IR,IRN,82913893.0,Asia,210.67277591
2020-12-10,10,12,2020,10223,295,Iran,IR,IRN,82913893.0,Asia,214.96397473
2020-12-09,9,12,2020,11023,323,Iran,IR,IRN,82913893.0,Asia,235.87844319
2020-12-08,8,12,2020,10827,284,Iran,IR,IRN,82913893.0,Asia,222.58392812
2020-12-07,7,12,2020,11561,294,Iran,IR,IRN,82913893.0,Asia,224.55344124
2020-12-06,6,12,2020,12151,321,Iran,IR,IRN,82913893.0,Asia,226.35289842
2020-12-05,5,12,2020,13341,347,Iran,IR,IRN,82913893.0,Asia,227.29363341
2020-12-04,4,12,2020,13922,358,Iran,IR,IRN,82913893.0,Asia,243.14381186
2020-12-03,3,12,2020,13621,362,Iran,IR,IRN,82913893.0,Asia,226.35289842
2020-12-02,2,12,2020,13881,382,Iran,IR,IRN,82913893.0,Asia,226.11168432
2020-12-01,1,12,2020,13321,371,Iran,IR,IRN,82913893.0,Asia,225.47367303
2020-11-30,30,11,2020,12950,389,Iran,IR,IRN,82913893.0,Asia,225.15044614
2020-11-29,29,11,2020,13402,391,Iran,IR,IRN,82913893.0,Asia,224.65957545
2020-11-28,28,11,2020,14051,406,Iran,IR,IRN,82913893.0,Asia,222.00742643
2020-11-27,27,11,2020,13961,482,Iran,IR,IRN,82913893.0,Asia,219.2165793
2020-11-26,26,11,2020,27564,952,Iran,IR,IRN,82913893.0,Asia,216.26894301
2020-11-25,25,11,2020,0,0,Iran,IR,IRN,82913893.0,Asia,197.23232631
2020-11-24,24,11,2020,12460,453,Iran,IR,IRN,82913893.0,Asia,209.70188916
2020-11-23,23,11,2020,13053,475,Iran,IR,IRN,82913893.0,Asia,207.29336638
2020-11-22,22,11,2020,12931,431,Iran,IR,IRN,82913893.0,Asia,202.6897953
2020-11-21,21,11,2020,26483,955,Iran,IR,IRN,82913893.0,Asia,198.49146391
2020-11-20,20,11,2020,0,0,Iran,IR,IRN,82913893.0,Asia,177.24170785
2020-11-19,19,11,2020,13421,480,Iran,IR,IRN,82913893.0,Asia,187.82135824
2020-11-18,18,11,2020,13352,482,Iran,IR,IRN,82913893.0,Asia,181.82839395
2020-11-17,17,11,2020,13053,486,Iran,IR,IRN,82913893.0,Asia,176.49756236
2020-11-16,16,11,2020,12543,459,Iran,IR,IRN,82913893.0,Asia,170.75184252
2020-11-15,15,11,2020,11203,452,Iran,IR,IRN,82913893.0,Asia,164.93375845
2020-11-14,14,11,2020,11737,461,Iran,IR,IRN,82913893.0,Asia,160.85362196
2020-11-13,13,11,2020,11517,457,Iran,IR,IRN,82913893.0,Asia,156.3598033
2020-11-12,12,11,2020,11780,462,Iran,IR,IRN,82913893.0,Asia,152.47143202
2020-11-11,11,11,2020,10339,453,Iran,IR,IRN,82913893.0,Asia,146.49414664
2020-11-10,10,11,2020,10463,458,Iran,IR,IRN,82913893.0,Asia,142.428483
2020-11-09,9,11,2020,9236,459,Iran,IR,IRN,82913893.0,Asia,136.99754756
2020-11-08,8,11,2020,9450,423,Iran,IR,IRN,82913893.0,Asia,133.32506291
2020-11-07,7,11,2020,8864,424,Iran,IR,IRN,82913893.0,Asia,128.93979058
2020-11-06,6,11,2020,8772,406,Iran,IR,IRN,82913893.0,Asia,125.64721813
2020-11-05,5,11,2020,8452,419,Iran,IR,IRN,82913893.0,Asia,121.66597943
2020-11-04,4,11,2020,8932,422,Iran,IR,IRN,82913893.0,Asia,118.2455635
2020-11-03,3,11,2020,8289,440,Iran,IR,IRN,82913893.0,Asia,113.55033106
2020-11-02,2,11,2020,7719,434,Iran,IR,IRN,82913893.0,Asia,108.6802184
2020-11-01,1,11,2020,7820,386,Iran,IR,IRN,82913893.0,Asia,104.06217448
2020-10-31,31,10,2020,8011,365,Iran,IR,IRN,82913893.0,Asia,99.57921045
2020-10-30,30,10,2020,8293,399,Iran,IR,IRN,82913893.0,Asia,95.4074126
2020-10-29,29,10,2020,6824,415,Iran,IR,IRN,82913893.0,Asia,90.97269139
2020-10-28,28,10,2020,6968,346,Iran,IR,IRN,82913893.0,Asia,88.56778682
2020-10-27,27,10,2020,5960,337,Iran,IR,IRN,82913893.0,Asia,85.11842521
2020-10-26,26,10,2020,6191,296,Iran,IR,IRN,82913893.0,Asia,83.00297756
2020-10-25,25,10,2020,5814,335,Iran,IR,IRN,82913893.0,Asia,80.14579656
2020-10-24,24,10,2020,6134,335,Iran,IR,IRN,82913893.0,Asia,77.80722587
2020-10-23,23,10,2020,5471,304,Iran,IR,IRN,82913893.0,Asia,75.40473344
2020-10-22,22,10,2020,5616,312,Iran,IR,IRN,82913893.0,Asia,74.10338337
2020-10-21,21,10,2020,5039,322,Iran,IR,IRN,82913893.0,Asia,72.17728879
2020-10-20,20,10,2020,4251,337,Iran,IR,IRN,82913893.0,Asia,71.10629819
2020-10-19,19,10,2020,3890,252,Iran,IR,IRN,82913893.0,Asia,70.68537959
2020-10-18,18,10,2020,4103,253,Iran,IR,IRN,82913893.0,Asia,70.39954088
2020-10-17,17,10,2020,4552,265,Iran,IR,IRN,82913893.0,Asia,69.70002
2020-10-16,16,10,2020,4616,256,Iran,IR,IRN,82913893.0,Asia,68.4939495
2020-10-15,15,10,2020,4830,279,Iran,IR,IRN,82913893.0,Asia,67.53994774
2020-10-14,14,10,2020,4108,254,Iran,IR,IRN,82913893.0,Asia,66.03477176
2020-10-13,13,10,2020,4206,272,Iran,IR,IRN,82913893.0,Asia,65.51495538
2020-10-12,12,10,2020,3822,251,Iran,IR,IRN,82913893.0,Asia,64.67794245
2020-10-11,11,10,2020,3875,195,Iran,IR,IRN,82913893.0,Asia,64.12315003
2020-10-10,10,10,2020,4142,210,Iran,IR,IRN,82913893.0,Asia,63.31387672
2020-10-09,9,10,2020,4392,230,Iran,IR,IRN,82913893.0,Asia,62.61556191
2020-10-08,8,10,2020,4019,239,Iran,IR,IRN,82913893.0,Asia,61.5650745
2020-10-07,7,10,2020,4151,227,Iran,IR,IRN,82913893.0,Asia,61.06576132
2020-10-06,6,10,2020,3902,235,Iran,IR,IRN,82913893.0,Asia,60.53629637
2020-10-05,5,10,2020,3653,211,Iran,IR,IRN,82913893.0,Asia,59.85969082
2020-10-04,4,10,2020,3523,179,Iran,IR,IRN,82913893.0,Asia,59.18911563
2020-10-03,3,10,2020,3552,187,Iran,IR,IRN,82913893.0,Asia,58.37139983
2020-10-02,2,10,2020,3825,211,Iran,IR,IRN,82913893.0,Asia,57.76474637
2020-10-01,1,10,2020,3582,183,Iran,IR,IRN,82913893.0,Asia,56.54661517
2020-09-30,30,9,2020,3677,207,Iran,IR,IRN,82913893.0,Asia,55.82176681
2020-09-29,29,9,2020,3512,190,Iran,IR,IRN,82913893.0,Asia,54.64946628
2020-09-28,28,9,2020,3362,195,Iran,IR,IRN,82913893.0,Asia,53.57244533
2020-09-27,27,9,2020,3204,172,Iran,IR,IRN,82913893.0,Asia,52.03711759
2020-09-26,26,9,2020,3563,207,Iran,IR,IRN,82913893.0,Asia,50.75265251
2020-09-25,25,9,2020,3521,175,Iran,IR,IRN,82913893.0,Asia,49.24506439
2020-09-24,24,9,2020,3605,184,Iran,IR,IRN,82913893.0,Asia,47.48661361
2020-09-23,23,9,2020,3712,178,Iran,IR,IRN,82913893.0,Asia,45.92837053
2020-09-22,22,9,2020,3341,177,Iran,IR,IRN,82913893.0,Asia,44.22781113
2020-09-21,21,9,2020,3097,183,Iran,IR,IRN,82913893.0,Asia,42.79379332
2020-09-20,20,9,2020,2845,166,Iran,IR,IRN,82913893.0,Asia,41.46108542
2020-09-19,19,9,2020,3049,144,Iran,IR,IRN,82913893.0,Asia,40.31411238
2020-09-18,18,9,2020,2815,176,Iran,IR,IRN,82913893.0,Asia,39.08030226
2020-09-17,17,9,2020,2981,179,Iran,IR,IRN,82913893.0,Asia,38.09011838
2020-09-16,16,9,2020,2705,140,Iran,IR,IRN,82913893.0,Asia,36.73570122
2020-09-15,15,9,2020,2619,156,Iran,IR,IRN,82913893.0,Asia,35.5018911
2020-09-14,14,9,2020,2089,128,Iran,IR,IRN,82913893.0,Asia,34.32356023
2020-09-13,13,9,2020,2139,116,Iran,IR,IRN,82913893.0,Asia,33.91952661
2020-09-12,12,9,2020,2313,115,Iran,IR,IRN,82913893.0,Asia,33.63730611
2020-09-11,11,9,2020,2063,129,Iran,IR,IRN,82913893.0,Asia,33.39850416
2020-09-10,10,9,2020,2313,127,Iran,IR,IRN,82913893.0,Asia,36.25689123
2020-09-09,9,9,2020,2302,132,Iran,IR,IRN,82913893.0,Asia,36.13628418
2020-09-08,8,9,2020,2152,117,Iran,IR,IRN,82913893.0,Asia,36.06753816
2020-09-07,7,9,2020,1992,139,Iran,IR,IRN,82913893.0,Asia,33.47207446
2020-09-06,6,9,2020,1894,110,Iran,IR,IRN,82913893.0,Asia,33.61800899
2020-09-05,5,9,2020,2026,118,Iran,IR,IRN,82913893.0,Asia,33.77962243
2020-09-04,4,9,2020,1994,129,Iran,IR,IRN,82913893.0,Asia,33.99671512
2020-09-03,3,9,2020,1858,125,Iran,IR,IRN,82913893.0,Asia,37.2880815
2020-09-02,2,9,2020,1682,101,Iran,IR,IRN,82913893.0,Asia,35.04720252
2020-09-01,1,9,2020,1642,109,Iran,IR,IRN,82913893.0,Asia,35.89507008
2020-08-31,31,8,2020,1754,103,Iran,IR,IRN,82913893.0,Asia,36.62474273
2020-08-30,30,8,2020,1905,110,Iran,IR,IRN,82913893.0,Asia,37.08184345
2020-08-29,29,8,2020,2115,112,Iran,IR,IRN,82913893.0,Asia,37.49190742
2020-08-28,28,8,2020,4433,236,Iran,IR,IRN,82913893.0,Asia,37.95745063
2020-08-27,27,8,2020,2213,125,Iran,IR,IRN,82913893.0,Asia,35.77687517
2020-08-26,26,8,2020,2245,133,Iran,IR,IRN,82913893.0,Asia,36.13507811
2020-08-25,25,8,2020,0,0,Iran,IR,IRN,82913893.0,Asia,36.25568516
2020-08-24,24,8,2020,2113,141,Iran,IR,IRN,82913893.0,Asia,38.82702746
2020-08-23,23,8,2020,2028,126,Iran,IR,IRN,82913893.0,Asia,38.7148629
2020-08-22,22,8,2020,2206,112,Iran,IR,IRN,82913893.0,Asia,38.83185174
2020-08-21,21,8,2020,4723,292,Iran,IR,IRN,82913893.0,Asia,39.12613294
2020-08-20,20,8,2020,0,0,Iran,IR,IRN,82913893.0,Asia,36.60665167
2020-08-19,19,8,2020,2385,168,Iran,IR,IRN,82913893.0,Asia,39.8594238
2020-08-18,18,8,2020,2247,165,Iran,IR,IRN,82913893.0,Asia,40.3008456
2020-08-17,17,8,2020,2133,147,Iran,IR,IRN,82913893.0,Asia,40.72417635
2020-08-16,16,8,2020,2245,161,Iran,IR,IRN,82913893.0,Asia,41.38992726
2020-08-15,15,8,2020,2501,169,Iran,IR,IRN,82913893.0,Asia,41.75536662
2020-08-14,14,8,2020,2625,174,Iran,IR,IRN,82913893.0,Asia,41.96401681
2020-08-13,13,8,2020,2510,188,Iran,IR,IRN,82913893.0,Asia,41.95919253
2020-08-12,12,8,2020,2345,184,Iran,IR,IRN,82913893.0,Asia,42.11115741
2020-08-11,11,8,2020,2132,189,Iran,IR,IRN,82913893.0,Asia,42.49951211
2020-08-10,10,8,2020,2020,163,Iran,IR,IRN,82913893.0,Asia,42.8637454
2020-08-09,9,8,2020,2125,132,Iran,IR,IRN,82913893.0,Asia,43.24124547
2020-08-08,8,8,2020,2450,316,Iran,IR,IRN,82913893.0,Asia,43.47160493
2020-08-07,7,8,2020,2634,14,Iran,IR,IRN,82913893.0,Asia,43.51864168
2020-08-06,6,8,2020,2697,185,Iran,IR,IRN,82913893.0,Asia,43.50296277
2020-08-05,5,8,2020,2751,212,Iran,IR,IRN,82913893.0,Asia,43.36908894
2020-08-04,4,8,2020,2598,215,Iran,IR,IRN,82913893.0,Asia,43.21712406
2020-08-03,3,8,2020,2685,208,Iran,IR,IRN,82913893.0,Asia,42.99520709
2020-08-02,2,8,2020,2548,216,Iran,IR,IRN,82913893.0,Asia,42.38855363
2020-08-01,1,8,2020,2674,197,Iran,IR,IRN,82913893.0,Asia,41.9278347
2020-07-31,31,7,2020,2621,226,Iran,IR,IRN,82913893.0,Asia,41.5720439
2020-07-30,30,7,2020,2636,196,Iran,IR,IRN,82913893.0,Asia,41.42610937
2020-07-29,29,7,2020,2667,235,Iran,IR,IRN,82913893.0,Asia,41.12700389
2020-07-28,28,7,2020,2434,212,Iran,IR,IRN,82913893.0,Asia,40.9509176
2020-07-27,27,7,2020,2333,216,Iran,IR,IRN,82913893.0,Asia,40.84840161
2020-07-26,26,7,2020,2316,195,Iran,IR,IRN,82913893.0,Asia,40.67110924
2020-07-25,25,7,2020,2489,215,Iran,IR,IRN,82913893.0,Asia,40.76880095
2020-07-24,24,7,2020,2621,221,Iran,IR,IRN,82913893.0,Asia,40.49502295
2020-07-23,23,7,2020,2586,219,Iran,IR,IRN,82913893.0,Asia,39.84133274
2020-07-22,22,7,2020,2625,229,Iran,IR,IRN,82913893.0,Asia,39.96797014
2020-07-21,21,7,2020,2414,217,Iran,IR,IRN,82913893.0,Asia,39.98244299
2020-07-20,20,7,2020,2182,209,Iran,IR,IRN,82913893.0,Asia,40.22245102
2020-07-19,19,7,2020,2166,188,Iran,IR,IRN,82913893.0,Asia,40.67834567
2020-07-18,18,7,2020,2379,183,Iran,IR,IRN,82913893.0,Asia,41.01966362
2020-07-17,17,7,2020,2500,198,Iran,IR,IRN,82913893.0,Asia,41.2451988
2020-07-16,16,7,2020,2388,199,Iran,IR,IRN,82913893.0,Asia,41.42852151
2020-07-15,15,7,2020,2521,179,Iran,IR,IRN,82913893.0,Asia,41.62269886
2020-07-14,14,7,2020,2349,203,Iran,IR,IRN,82913893.0,Asia,41.54551035
2020-07-13,13,7,2020,2186,194,Iran,IR,IRN,82913893.0,Asia,41.77104554
2020-07-12,12,7,2020,2397,188,Iran,IR,IRN,82913893.0,Asia,42.1364849
2020-07-11,11,7,2020,2262,142,Iran,IR,IRN,82913893.0,Asia,42.20764305
2020-07-10,10,7,2020,2079,221,Iran,IR,IRN,82913893.0,Asia,42.64906486
2020-07-09,9,7,2020,2691,153,Iran,IR,IRN,82913893.0,Asia,43.27139723
2020-07-08,8,7,2020,2637,200,Iran,IR,IRN,82913893.0,Asia,43.07842595
2020-07-07,7,7,2020,2613,160,Iran,IR,IRN,82913893.0,Asia,42.84686042
2020-07-06,6,7,2020,2560,163,Iran,IR,IRN,82913893.0,Asia,42.7986176
2020-07-05,5,7,2020,2449,148,Iran,IR,IRN,82913893.0,Asia,42.56705206
2020-07-04,4,7,2020,2566,154,Iran,IR,IRN,82913893.0,Asia,42.41388111
2020-07-03,3,7,2020,2652,148,Iran,IR,IRN,82913893.0,Asia,42.47297856
2020-07-02,2,7,2020,2549,141,Iran,IR,IRN,82913893.0,Asia,42.40543862
2020-07-01,1,7,2020,2457,147,Iran,IR,IRN,82913893.0,Asia,42.48142106
2020-06-30,30,6,2020,2536,162,Iran,IR,IRN,82913893.0,Asia,42.60926453
2020-06-29,29,6,2020,2489,144,Iran,IR,IRN,82913893.0,Asia,42.5043364
2020-06-28,28,6,2020,2456,234,Iran,IR,IRN,82913893.0,Asia,42.4838332
2020-06-27,27,6,2020,2628,0,Iran,IR,IRN,82913893.0,Asia,42.42835396
2020-06-26,26,6,2020,2595,134,Iran,IR,IRN,82913893.0,Asia,42.1159817
2020-06-25,25,6,2020,2531,133,Iran,IR,IRN,82913893.0,Asia,41.68541453
2020-06-24,24,6,2020,2445,121,Iran,IR,IRN,82913893.0,Asia,41.05825787
2020-06-23,23,6,2020,2573,119,Iran,IR,IRN,82913893.0,Asia,40.6361332
2020-06-22,22,6,2020,2368,116,Iran,IR,IRN,82913893.0,Asia,39.99691584
2020-06-21,21,6,2020,2322,115,Iran,IR,IRN,82913893.0,Asia,39.99209155
2020-06-20,20,6,2020,2615,120,Iran,IR,IRN,82913893.0,Asia,39.92816982
2020-06-19,19,6,2020,2596,87,Iran,IR,IRN,82913893.0,Asia,40.25501492
2020-06-18,18,6,2020,2612,120,Iran,IR,IRN,82913893.0,Asia,41.43455187
2020-06-17,17,6,2020,2563,115,Iran,IR,IRN,82913893.0,Asia,42.06412067
2020-06-16,16,6,2020,2449,113,Iran,IR,IRN,82913893.0,Asia,42.73228372
2020-06-15,15,6,2020,2472,107,Iran,IR,IRN,82913893.0,Asia,43.37150108
2020-06-14,14,6,2020,2410,71,Iran,IR,IRN,82913893.0,Asia,43.42456818
2020-06-13,13,6,2020,2369,75,Iran,IR,IRN,82913893.0,Asia,43.27019116
2020-06-12,12,6,2020,2238,78,Iran,IR,IRN,82913893.0,Asia,43.81292288
2020-06-11,11,6,2020,2011,81,Iran,IR,IRN,82913893.0,Asia,43.83704429
2020-06-10,10,6,2020,2095,74,Iran,IR,IRN,82913893.0,Asia,43.92026316
2020-06-09,9,6,2020,2043,70,Iran,IR,IRN,82913893.0,Asia,43.54879345
2020-06-08,8,6,2020,2364,72,Iran,IR,IRN,82913893.0,Asia,43.52467204
2020-06-07,7,6,2020,2269,75,Iran,IR,IRN,82913893.0,Asia,43.30275506
2020-06-06,6,6,2020,2886,63,Iran,IR,IRN,82913893.0,Asia,42.82032687
2020-06-05,5,6,2020,3574,59,Iran,IR,IRN,82913893.0,Asia,42.12683633
2020-06-04,4,6,2020,3134,70,Iran,IR,IRN,82913893.0,Asia,40.70126101
2020-06-03,3,6,2020,3117,64,Iran,IR,IRN,82913893.0,Asia,39.75087746
2020-06-02,2,6,2020,2979,81,Iran,IR,IRN,82913893.0,Asia,38.53757054
2020-06-01,1,6,2020,2516,63,Iran,IR,IRN,82913893.0,Asia,37.71141225
2020-05-31,31,5,2020,2282,57,Iran,IR,IRN,82913893.0,Asia,36.8551022
2020-05-30,30,5,2020,2819,50,Iran,IR,IRN,82913893.0,Asia,36.22191519
2020-05-29,29,5,2020,2258,63,Iran,IR,IRN,82913893.0,Asia,35.35716264
2020-05-28,28,5,2020,2080,56,Iran,IR,IRN,82913893.0,Asia,34.81443092
2020-05-27,27,5,2020,1787,57,Iran,IR,IRN,82913893.0,Asia,34.66729032
2020-05-26,26,5,2020,2023,34,Iran,IR,IRN,82913893.0,Asia,34.29823275
2020-05-25,25,5,2020,2180,58,Iran,IR,IRN,82913893.0,Asia,33.88816878
2020-05-24,24,5,2020,1869,59,Iran,IR,IRN,82913893.0,Asia,32.92693059
2020-05-23,23,5,2020,2311,51,Iran,IR,IRN,82913893.0,Asia,32.51686662
2020-05-22,22,5,2020,2392,66,Iran,IR,IRN,82913893.0,Asia,31.6062834
2020-05-21,21,5,2020,2346,64,Iran,IR,IRN,82913893.0,Asia,30.51237746
2020-05-20,20,5,2020,2111,62,Iran,IR,IRN,82913893.0,Asia,29.70913451
2020-05-19,19,5,2020,2294,69,Iran,IR,IRN,82913893.0,Asia,28.75875096
2020-05-18,18,5,2020,1806,51,Iran,IR,IRN,82913893.0,Asia,27.46704946
2020-05-17,17,5,2020,1757,35,Iran,IR,IRN,82913893.0,Asia,26.46601095
2020-05-16,16,5,2020,2102,48,Iran,IR,IRN,82913893.0,Asia,25.31421363
2020-05-15,15,5,2020,1808,71,Iran,IR,IRN,82913893.0,Asia,23.99236036
2020-05-14,14,5,2020,1958,50,Iran,IR,IRN,82913893.0,Asia,22.9973522
2020-05-13,13,5,2020,1481,48,Iran,IR,IRN,82913893.0,Asia,21.92997982
2020-05-12,12,5,2020,1683,45,Iran,IR,IRN,82913893.0,Asia,21.4849398
2020-05-11,11,5,2020,1383,51,Iran,IR,IRN,82913893.0,Asia,20.65033902
2020-05-10,10,5,2020,1529,48,Iran,IR,IRN,82913893.0,Asia,20.37294281
2020-05-09,9,5,2020,1556,55,Iran,IR,IRN,82913893.0,Asia,19.89654496
2020-05-08,8,5,2020,1485,68,Iran,IR,IRN,82913893.0,Asia,19.42858961
2020-05-07,7,5,2020,1680,78,Iran,IR,IRN,82913893.0,Asia,18.87982753
2020-05-06,6,5,2020,1323,63,Iran,IR,IRN,82913893.0,Asia,18.29367727
2020-05-05,5,5,2020,1223,74,Iran,IR,IRN,82913893.0,Asia,18.26231944
2020-05-04,4,5,2020,976,47,Iran,IR,IRN,82913893.0,Asia,18.34795045
2020-05-03,3,5,2020,802,65,Iran,IR,IRN,82913893.0,Asia,18.79057832
2020-05-02,2,5,2020,1006,63,Iran,IR,IRN,82913893.0,Asia,19.48045064
2020-05-01,1,5,2020,983,71,Iran,IR,IRN,82913893.0,Asia,20.07504339
2020-04-30,30,4,2020,1073,80,Iran,IR,IRN,82913893.0,Asia,20.82642531
2020-04-29,29,4,2020,1112,71,Iran,IR,IRN,82913893.0,Asia,21.35589026
2020-04-28,28,4,2020,991,96,Iran,IR,IRN,82913893.0,Asia,21.91309483
2020-04-27,27,4,2020,1153,60,Iran,IR,IRN,82913893.0,Asia,22.66809496
2020-04-26,26,4,2020,1134,76,Iran,IR,IRN,82913893.0,Asia,23.27595449
2020-04-25,25,4,2020,1168,93,Iran,IR,IRN,82913893.0,Asia,24.12382205
2020-04-24,24,4,2020,1030,90,Iran,IR,IRN,82913893.0,Asia,25.09350273
2020-04-23,23,4,2020,1194,94,Iran,IR,IRN,82913893.0,Asia,25.8219693
2020-04-22,22,4,2020,1297,88,Iran,IR,IRN,82913893.0,Asia,26.79044391
2020-04-21,21,4,2020,1294,91,Iran,IR,IRN,82913893.0,Asia,27.74565174
2020-04-20,20,4,2020,1343,87,Iran,IR,IRN,82913893.0,Asia,28.92760083
2020-04-19,19,4,2020,1374,73,Iran,IR,IRN,82913893.0,Asia,30.3025212
2020-04-18,18,4,2020,1499,89,Iran,IR,IRN,82913893.0,Asia,35.0074022
2020-04-17,17,4,2020,1606,92,Iran,IR,IRN,82913893.0,Asia,33.19950252
2020-04-16,16,4,2020,1512,94,Iran,IR,IRN,82913893.0,Asia,34.73000598
2020-04-15,15,4,2020,1574,98,Iran,IR,IRN,82913893.0,Asia,36.50895996
2020-04-14,14,4,2020,1617,111,Iran,IR,IRN,82913893.0,Asia,38.36269032
2020-04-13,13,4,2020,1657,117,Iran,IR,IRN,82913893.0,Asia,40.25501492
2020-04-12,12,4,2020,1837,125,Iran,IR,IRN,82913893.0,Asia,41.75536662
2020-04-11,11,4,2020,1972,122,Iran,IR,IRN,82913893.0,Asia,43.24968796
2020-04-10,10,4,2020,1634,117,Iran,IR,IRN,82913893.0,Asia,44.40027921
2020-04-09,9,4,2020,1997,121,Iran,IR,IRN,82913893.0,Asia,45.31086244
2020-04-08,8,4,2020,2089,133,Iran,IR,IRN,82913893.0,Asia,45.56293117
2020-04-07,7,4,2020,2274,136,Iran,IR,IRN,82913893.0,Asia,45.16854612
2020-04-06,6,4,2020,2483,151,Iran,IR,IRN,82913893.0,Asia,44.12770728
2020-04-05,5,4,2020,5275,292,Iran,IR,IRN,82913893.0,Asia,42.37287471
2020-04-04,4,4,2020,0,0,Iran,IR,IRN,82913893.0,Asia,37.17591695
2020-04-03,3,4,2020,2875,124,Iran,IR,IRN,82913893.0,Asia,38.66782615
2020-04-02,2,4,2020,2987,138,Iran,IR,IRN,82913893.0,Asia,36.46192321
2020-04-01,1,4,2020,3111,141,Iran,IR,IRN,82913893.0,Asia,34.29702668
2020-03-31,31,3,2020,3186,117,Iran,IR,IRN,82913893.0,Asia,31.96569241
2020-03-30,30,3,2020,2901,123,Iran,IR,IRN,82913893.0,Asia,29.39314404
2020-03-29,29,3,2020,3076,139,Iran,IR,IRN,82913893.0,Asia,27.35247276
2020-03-28,28,3,2020,2926,144,Iran,IR,IRN,82913893.0,Asia,25.28888615
2020-03-27,27,3,2020,2389,157,Iran,IR,IRN,82913893.0,Asia,23.31454875
2020-03-26,26,3,2020,2206,143,Iran,IR,IRN,82913893.0,Asia,21.72977211
2020-03-25,25,3,2020,1762,122,Iran,IR,IRN,82913893.0,Asia,20.22459614
2020-03-24,24,3,2020,1411,127,Iran,IR,IRN,82913893.0,Asia,19.16204803
2020-03-23,23,3,2020,1028,129,Iran,IR,IRN,82913893.0,Asia,18.17789451
2020-03-22,22,3,2020,966,123,Iran,IR,IRN,82913893.0,Asia,17.83416441
2020-03-21,21,3,2020,1237,149,Iran,IR,IRN,82913893.0,Asia,17.96683217
2020-03-20,20,3,2020,1046,149,Iran,IR,IRN,82913893.0,Asia,17.96321396
2020-03-19,19,3,2020,1192,147,Iran,IR,IRN,82913893.0,Asia,17.41445188
2020-03-18,18,3,2020,1178,135,Iran,IR,IRN,82913893.0,Asia,16.68357316
2020-03-17,17,3,2020,1053,129,Iran,IR,IRN,82913893.0,Asia,16.26989098
2020-03-16,16,3,2020,1209,113,Iran,IR,IRN,82913893.0,Asia,15.63067362
2020-03-15,15,3,2020,1365,97,Iran,IR,IRN,82913893.0,Asia,14.63687153
2020-03-14,14,3,2020,1289,85,Iran,IR,IRN,82913893.0,Asia,13.23782976
2020-03-13,13,3,2020,1075,75,Iran,IR,IRN,82913893.0,Asia,11.85567297
2020-03-12,12,3,2020,958,63,Iran,IR,IRN,82913893.0,Asia,10.68699066
2020-03-11,11,3,2020,881,54,Iran,IR,IRN,82913893.0,Asia,9.58464223
2020-03-10,10,3,2020,595,43,Iran,IR,IRN,82913893.0,Asia,8.56310052
2020-03-09,9,3,2020,743,49,Iran,IR,IRN,82913893.0,Asia,7.86719784
2020-03-08,8,3,2020,1076,21,Iran,IR,IRN,82913893.0,Asia,6.98917852
2020-03-07,7,3,2020,1234,17,Iran,IR,IRN,82913893.0,Asia,5.70350737
2020-03-06,6,3,2020,591,15,Iran,IR,IRN,82913893.0,Asia,4.2308953
2020-03-05,5,3,2020,586,15,Iran,IR,IRN,82913893.0,Asia,3.52172585
2020-03-04,4,3,2020,835,11,Iran,IR,IRN,82913893.0,Asia,2.81738068
2020-03-03,3,3,2020,523,12,Iran,IR,IRN,82913893.0,Asia,1.81031181
2020-03-02,2,3,2020,385,11,Iran,IR,IRN,82913893.0,Asia,1.17953694
2020-03-01,1,3,2020,205,9,Iran,IR,IRN,82913893.0,Asia,0.7151998
2020-02-29,29,2,2020,143,8,Iran,IR,IRN,82913893.0,Asia,0.46795535
2020-02-28,28,2,2020,106,7,Iran,IR,IRN,82913893.0,Asia,0.29548727
2020-02-27,27,2,2020,44,4,Iran,IR,IRN,82913893.0,Asia,0.1676438
2020-02-26,26,2,2020,34,3,Iran,IR,IRN,82913893.0,Asia,0.1145767
2020-02-25,25,2,2020,18,4,Iran,IR,IRN,82913893.0,Asia,0.0735703
2020-02-24,24,2,2020,15,3,Iran,IR,IRN,82913893.0,Asia,0.05186103
2020-02-23,23,2,2020,10,1,Iran,IR,IRN,82913893.0,Asia,0.03376997
2020-02-22,22,2,2020,13,2,Iran,IR,IRN,82913893.0,Asia,0.02170927
2020-02-21,21,2,2020,3,0,Iran,IR,IRN,82913893.0,Asia,0.00603035
2020-02-20,20,2,2020,2,2,Iran,IR,IRN,82913893.0,Asia,0.00241214
2020-02-19,19,2,2020,0,0,Iran,IR,IRN,82913893.0,Asia,0.0
2020-02-18,18,2,2020,0,0,Iran,IR,IRN,82913893.0,Asia,0.0
2020-02-17,17,2,2020,0,0,Iran,IR,IRN,82913893.0,Asia,0.0
2020-02-16,16,2,2020,0,0,Iran,IR,IRN,82913893.0,Asia,0.0
2020-02-15,15,2,2020,0,0,Iran,IR,IRN,82913893.0,Asia,0.0
2020-02-14,14,2,2020,0,0,Iran,IR,IRN,82913893.0,Asia,0.0
2020-02-13,13,2,2020,0,0,Iran,IR,IRN,82913893.0,Asia,0.0
2020-02-12,12,2,2020,0,0,Iran,IR,IRN,82913893.0,Asia,0.0
2020-02-11,11,2,2020,0,0,Iran,IR,IRN,82913893.0,Asia,0.0
2020-02-10,10,2,2020,0,0,Iran,IR,IRN,82913893.0,Asia,0.0
2020-02-09,9,2,2020,0,0,Iran,IR,IRN,82913893.0,Asia,0.0
2020-02-08,8,2,2020,0,0,Iran,IR,IRN,82913893.0,Asia,0.0
2020-02-07,7,2,2020,0,0,Iran,IR,IRN,82913893.0,Asia,0.0
2020-02-06,6,2,2020,0,0,Iran,IR,IRN,82913893.0,Asia,0.0
2020-02-05,5,2,2020,0,0,Iran,IR,IRN,82913893.0,Asia,0.0
2020-02-04,4,2,2020,0,0,Iran,IR,IRN,82913893.0,Asia,0.0
2020-02-03,3,2,2020,0,0,Iran,IR,IRN,82913893.0,Asia,0.0
2020-02-02,2,2,2020,0,0,Iran,IR,IRN,82913893.0,Asia,0.0
2020-02-01,1,2,2020,0,0,Iran,IR,IRN,82913893.0,Asia,0.0
2020-01-31,31,1,2020,0,0,Iran,IR,IRN,82913893.0,Asia,0.0
2020-01-30,30,1,2020,0,0,Iran,IR,IRN,82913893.0,Asia,0.0
2020-01-29,29,1,2020,0,0,Iran,IR,IRN,82913893.0,Asia,0.0
2020-01-28,28,1,2020,0,0,Iran,IR,IRN,82913893.0,Asia,0.0
2020-01-27,27,1,2020,0,0,Iran,IR,IRN,82913893.0,Asia,0.0
2020-01-26,26,1,2020,0,0,Iran,IR,IRN,82913893.0,Asia,0.0
2020-01-25,25,1,2020,0,0,Iran,IR,IRN,82913893.0,Asia,0.0
2020-01-24,24,1,2020,0,0,Iran,IR,IRN,82913893.0,Asia,0.0
2020-01-23,23,1,2020,0,0,Iran,IR,IRN,82913893.0,Asia,0.0
2020-01-22,22,1,2020,0,0,Iran,IR,IRN,82913893.0,Asia,0.0
2020-01-21,21,1,2020,0,0,Iran,IR,IRN,82913893.0,Asia,0.0
2020-01-20,20,1,2020,0,0,Iran,IR,IRN,82913893.0,Asia,0.0
2020-01-19,19,1,2020,0,0,Iran,IR,IRN,82913893.0,Asia,0.0
2020-01-18,18,1,2020,0,0,Iran,IR,IRN,82913893.0,Asia,0.0
2020-01-17,17,1,2020,0,0,Iran,IR,IRN,82913893.0,Asia,0.0
2020-01-16,16,1,2020,0,0,Iran,IR,IRN,82913893.0,Asia,0.0
2020-01-15,15,1,2020,0,0,Iran,IR,IRN,82913893.0,Asia,0.0
2020-01-14,14,1,2020,0,0,Iran,IR,IRN,82913893.0,Asia,0.0
2020-01-13,13,1,2020,0,0,Iran,IR,IRN,82913893.0,Asia,0.0
2020-01-12,12,1,2020,0,0,Iran,IR,IRN,82913893.0,Asia,
2020-01-11,11,1,2020,0,0,Iran,IR,IRN,82913893.0,Asia,
2020-01-10,10,1,2020,0,0,Iran,IR,IRN,82913893.0,Asia,
2020-01-09,9,1,2020,0,0,Iran,IR,IRN,82913893.0,Asia,
2020-01-08,8,1,2020,0,0,Iran,IR,IRN,82913893.0,Asia,
2020-01-07,7,1,2020,0,0,Iran,IR,IRN,82913893.0,Asia,
2020-01-06,6,1,2020,0,0,Iran,IR,IRN,82913893.0,Asia,
2020-01-05,5,1,2020,0,0,Iran,IR,IRN,82913893.0,Asia,
2020-01-04,4,1,2020,0,0,Iran,IR,IRN,82913893.0,Asia,
2020-01-03,3,1,2020,0,0,Iran,IR,IRN,82913893.0,Asia,
2020-01-02,2,1,2020,0,0,Iran,IR,IRN,82913893.0,Asia,
2020-01-01,1,1,2020,0,0,Iran,IR,IRN,82913893.0,Asia,
2019-12-31,31,12,2019,0,0,Iran,IR,IRN,82913893.0,Asia,
